CustomerID,Recency,Frequency,Monetary,Cluster,Segment
1001,13,3,220.97,2,Loyal Customers
1002,3,3,245.0,0,VIP Customers
1003,18,2,85.65,2,Loyal Customers
1004,15,2,144.5,2,Loyal Customers
1005,25,1,120.0,1,At-Risk Customers
1006,10,2,105.5,2,Loyal Customers
1007,9,2,138.0,2,Loyal Customers
1008,2,2,114.0,0,VIP Customers
1009,7,2,138.75,2,Loyal Customers
1010,19,1,93.6,1,At-Risk Customers
1011,17,1,24.0,1,At-Risk Customers
1012,16,1,63.0,1,At-Risk Customers
1013,14,1,95.0,1,At-Risk Customers
1014,12,1,54.0,1,At-Risk Customers
1015,11,1,50.0,1,At-Risk Customers
1016,8,1,49.199999999999996,1,At-Risk Customers
1017,6,1,88.0,1,At-Risk Customers
1018,5,1,250.0,0,VIP Customers
1019,4,1,40.8,3,Potential Customers
1020,1,1,34.8,3,Potential Customers
