InvoiceNo,StockCode,Description,Quantity,InvoiceDate,UnitPrice,CustomerID,Country
INV1001,A100,Wireless Mouse,2,2024-01-02 00:00:00,25.5,1001,United Kingdom
INV1002,A101,Mechanical Keyboard,1,2024-01-03 00:00:00,55.0,1002,United Kingdom
INV1003,A102,USB Hub,3,2024-01-04 00:00:00,18.75,1003,France
INV1004,A103,Monitor Stand,2,2024-01-05 00:00:00,40.0,1001,United Kingdom
INV1005,A104,Laptop Sleeve,4,2024-01-06 00:00:00,22.0,1004,Germany
INV1006,A105,Office Chair,1,2024-01-07 00:00:00,120.0,1005,Spain
INV1007,A106,Notebook,10,2024-01-08 00:00:00,3.5,1006,Belgium
INV1008,A107,Desk Lamp,2,2024-01-09 00:00:00,35.0,1007,United Kingdom
INV1009,A108,Webcam,1,2024-01-10 00:00:00,70.0,1008,Italy
INV1010,A109,Bluetooth Speaker,2,2024-01-11 00:00:00,48.2,1002,United Kingdom
INV1011,A110,Printer Paper,5,2024-01-12 00:00:00,9.25,1009,Netherlands
INV1012,A111,Pen Set,12,2024-01-13 00:00:00,7.8,1010,France
INV1013,A112,Coffee Mug,6,2024-01-14 00:00:00,4.9,1003,France
INV1014,A113,Eraser Pack,20,2024-01-15 00:00:00,1.2,1011,Germany
INV1015,A114,Headphones,1,2024-01-16 00:00:00,63.0,1012,United Kingdom
INV1016,A115,Tablet Stand,2,2024-01-17 00:00:00,28.25,1004,Germany
INV1017,A116,Portable SSD,1,2024-01-18 00:00:00,95.0,1013,United States
INV1018,A117,Gaming Mouse,3,2024-01-19 00:00:00,29.99,1001,United Kingdom
INV1019,A118,USB-C Cable,8,2024-01-20 00:00:00,6.75,1014,Spain
INV1020,A119,Water Bottle,4,2024-01-21 00:00:00,12.5,1015,Belgium
INV1021,A120,Flash Drive,5,2024-01-22 00:00:00,14.1,1006,Belgium
INV1022,A121,Laptop Cooling Pad,2,2024-01-23 00:00:00,34.0,1007,United Kingdom
INV1023,A122,Smartphone Case,3,2024-01-24 00:00:00,16.4,1016,Italy
INV1024,A123,Desk Organizer,5,2024-01-25 00:00:00,18.5,1009,Netherlands
INV1025,A124,Bluetooth Earbuds,2,2024-01-26 00:00:00,44.0,1017,United States
INV1026,A125,Projector,1,2024-01-27 00:00:00,250.0,1018,France
INV1027,A126,Keyboard Cover,4,2024-01-28 00:00:00,10.2,1019,Germany
INV1028,A127,USB Fan,6,2024-01-29 00:00:00,15.6,1002,United Kingdom
INV1029,A128,Wall Clock,2,2024-01-30 00:00:00,22.0,1008,Italy
INV1030,A129,Desk Calendar,12,2024-01-31 00:00:00,2.9,1020,Spain
